City_ID,City,Country,Date,Lat,Lng,Max Temp,Humidity,Cloudiness,Wind Speed
0,Najran,SA,3/4/2021 6:02,17.4924,44.1277,66.2,27,0,9.24
1,Barrow,US,3/4/2021 6:00,71.2906,-156.7887,-18.4,69,1,5.75
2,Bluff,NZ,3/4/2021 6:02,-46.6,168.3333,61,47,29,8.99
3,Bakhchysaray,UA,3/4/2021 6:02,44.75,33.8667,45,52,0,3.11
4,Ushuaia,AR,3/4/2021 5:57,-54.8,-68.3,48.2,76,0,5.75
5,La Ronge,CA,3/4/2021 6:02,55.1001,-105.2842,17.6,86,100,1.14
6,Albany,US,3/4/2021 6:02,42.6001,-73.9662,36,85,83,1.01
7,San Vicente,AR,3/4/2021 6:02,-26.6167,-54.1333,65.05,100,99,3.31
8,Lagoa,PT,3/4/2021 6:02,39.05,-27.9833,59.18,86,99,20.09
9,Vaini,TO,3/4/2021 6:02,-21.2,-175.2,82.4,78,75,9.22
10,Mataura,NZ,3/4/2021 6:02,-46.1927,168.8643,61,47,58,8.99
11,Rikitea,PF,3/4/2021 6:02,-23.1203,-134.9692,80.01,82,64,9.8
12,Middelburg,ZA,3/4/2021 6:02,-25.7751,29.4648,65.62,52,8,5.55
13,Souillac,MU,3/4/2021 6:02,-20.5167,57.5167,84.2,65,40,9.22
14,Burnie,AU,3/4/2021 6:02,-41.0667,145.9167,69.01,54,58,24
15,Mandurah,AU,3/4/2021 6:02,-32.55,115.7,82.99,65,40,14.97
16,Santa Marta,CO,3/4/2021 6:02,11.2408,-74.199,80.01,74,14,16.31
17,Oistins,BB,3/4/2021 6:00,13.0667,-59.5333,77,73,75,21.85
18,Hithadhoo,MV,3/4/2021 6:02,-0.6,73.0833,82.42,71,13,10.67
19,Kabo,CF,3/4/2021 6:02,7.6994,18.629,73.11,21,61,3.91
20,Constitucion,CL,3/4/2021 6:02,-35.3333,-72.4167,63.77,60,0,5.68
21,Scarborough,GB,3/4/2021 6:00,54.2797,-0.4044,37.99,85,100,1.99
22,Fairbanks,US,3/4/2021 6:02,64.8378,-147.7164,-2,77,90,2.37
23,Hami,CN,3/4/2021 6:02,42.8,93.45,48.43,46,61,7.76
24,Hobart,AU,3/4/2021 6:02,-42.8794,147.3294,68,32,0,24.16
25,Butaritari,KI,3/4/2021 6:02,3.0707,172.7902,81.3,81,21,17.98
26,Punta Arenas,CL,3/4/2021 6:02,-53.15,-70.9167,50,76,75,8.05
27,Saldanha,ZA,3/4/2021 6:02,-33.0117,17.9442,62.6,88,17,4.61
28,Puerto Ayora,EC,3/4/2021 6:02,-0.7393,-90.3518,75,96,89,1.77
29,Myitkyina,MM,3/4/2021 6:02,25.3833,97.4,93.15,19,47,2.48
30,Beringovskiy,RU,3/4/2021 6:02,63.05,179.3167,30.04,96,100,43.8
31,Hovd,MN,3/4/2021 6:02,48.0056,91.6419,24.62,51,0,3.2
32,Puerto Del Rosario,ES,3/4/2021 6:02,28.5004,-13.8627,60.8,72,0,10.36
33,Bethel,US,3/4/2021 5:58,41.3712,-73.414,32,74,1,4.14
34,Cherskiy,RU,3/4/2021 6:02,68.75,161.3,-6.79,98,100,4.59
35,Port-Gentil,GA,3/4/2021 6:02,-0.7193,8.7815,80.6,94,75,3.44
36,Katsuura,JP,3/4/2021 6:02,35.1333,140.3,55.99,62,75,4.61
37,Thompson,CA,3/4/2021 6:00,55.7435,-97.8558,8.6,92,1,2.3
38,East London,ZA,3/4/2021 6:02,-33.0153,27.9116,69.8,88,75,6.91
39,Kyaukse,MM,3/4/2021 6:02,21.6,96.1333,96.8,20,0,9.22
40,Sawakin,SD,3/4/2021 6:00,19.1059,37.3321,72.03,64,70,12.97
41,Kodiak,US,3/4/2021 6:01,57.79,-152.4072,32,55,1,21.85
42,Busselton,AU,3/4/2021 6:03,-33.65,115.3333,78.01,62,28,5.99
43,Florianopolis,BR,3/4/2021 5:58,-27.6146,-48.5012,75.99,94,40,3.44
44,Dawlatabad,AF,3/4/2021 6:03,36.4141,64.9053,64.53,36,56,2.84
45,Bredasdorp,ZA,3/4/2021 6:03,-34.5322,20.0403,66.2,88,71,6.91
46,Yellowknife,CA,3/4/2021 6:03,62.456,-114.3525,-13,70,20,9.22
47,Henties Bay,NA,3/4/2021 6:03,-22.116,14.2845,69.93,70,5,4.97
48,Yeovil,GB,3/4/2021 6:01,50.9416,-2.6321,45,100,75,6.91
49,Victoria,HK,3/4/2021 5:58,22.2855,114.1577,66.99,88,100,1.01
50,Cape Town,ZA,3/4/2021 6:03,-33.9258,18.4232,68,88,90,13.8
51,Cabo San Lucas,MX,3/4/2021 6:00,22.8909,-109.9124,69.01,28,20,13.76
52,Asau,RO,3/4/2021 6:03,46.4333,26.4,44.01,41,7,7.23
53,Flin Flon,CA,3/4/2021 6:03,54.7682,-101.865,19.69,98,76,3.02
54,Te Anau,NZ,3/4/2021 6:03,-45.4167,167.7167,55.17,52,32,10.31
55,Leningradskiy,RU,3/4/2021 6:03,69.3833,178.4167,-10.48,86,100,31.94
56,Bowen,AU,3/4/2021 6:03,-20.0167,148.2333,82.4,69,90,21.85
57,Port Hardy,CA,3/4/2021 6:03,50.6996,-127.4199,44.6,87,90,10.36
58,Tarata,BO,3/4/2021 6:03,-17.6167,-66.0167,60.8,63,40,3.22
59,Sarakhs,IR,3/4/2021 6:03,36.5449,61.1577,55.4,50,0,11.5
60,Mar Del Plata,AR,3/4/2021 6:00,-38.0023,-57.5575,70,94,0,3.44
61,Payson,US,3/4/2021 6:03,40.0444,-111.7321,51.8,20,75,10.36
62,Provideniya,RU,3/4/2021 6:03,64.3833,-173.3,1.4,71,0,13.42
63,Atuona,PF,3/4/2021 6:02,-9.8,-139.0333,80.01,76,52,10.83
64,Longyearbyen,SJ,3/4/2021 6:03,78.2186,15.6401,3.2,72,20,12.66
65,Jiuquan,CN,3/4/2021 6:03,39.7432,98.5174,43.38,49,28,5.7
66,Shimoda,JP,3/4/2021 6:03,34.6667,138.95,55.4,67,75,10.36
67,Magadan,RU,3/4/2021 6:03,59.5667,150.8,-8.21,87,59,12.57
68,Banda Aceh,ID,3/4/2021 6:03,5.5577,95.3222,88.54,58,6,9.48
69,Verkhnyaya Inta,RU,3/4/2021 6:03,65.9811,60.3094,15.42,96,100,4.23
70,Paamiut,GL,3/4/2021 6:03,61.994,-49.6678,41.65,63,100,8.28
71,Jardim,BR,3/4/2021 6:03,-21.4803,-56.1381,71.73,96,26,3.89
72,Dunedin,NZ,3/4/2021 6:02,-45.8742,170.5036,55,84,85,1.01
73,Kpandae,GH,3/4/2021 6:03,8.4689,-0.0113,78.12,78,76,4.83
74,San-Pedro,CI,3/4/2021 6:03,4.7485,-6.6363,77.86,92,74,7.83
75,Iqaluit,CA,3/4/2021 6:03,63.7506,-68.5145,-2.2,78,90,27.63
76,Omaruru,NA,3/4/2021 6:03,-21.4333,15.9333,69.26,48,0,8.19
77,Abilene,US,3/4/2021 6:03,32.4487,-99.7331,53.6,54,1,11.5
78,Saint-Augustin,CA,3/4/2021 6:03,51.226,-58.6502,12.7,96,61,4.36
79,Moranbah,AU,3/4/2021 6:03,-22.0016,148.0466,85.93,49,96,19.1
80,Espoo,FI,3/4/2021 6:01,60.25,24.6667,28,74,0,12.66
81,Antalaha,MG,3/4/2021 6:03,-14.9003,50.2788,83.68,65,71,0.83
82,Codrington,AU,3/4/2021 6:03,-38.2667,141.9667,62.6,72,100,14.9
83,Cooma,AU,3/4/2021 6:00,-36.2333,149.1333,77,29,12,16.11
84,Manakara,MG,3/4/2021 6:03,-22.1333,48.0167,81.43,74,97,7.58
85,Lata,PT,3/4/2021 6:03,40.1629,-8.3327,55,91,100,2.48
86,Nanortalik,GL,3/4/2021 6:03,60.1432,-45.2371,38.35,76,100,22.35
87,Kaitangata,NZ,3/4/2021 6:03,-46.2817,169.8464,57.99,79,67,8.01
88,Yakeshi,CN,3/4/2021 6:03,49.2833,120.7333,10.71,86,72,18.59
89,Airai,TL,3/4/2021 6:03,-8.9266,125.4092,73.35,69,54,2.82
90,Saint-Philippe,RE,3/4/2021 6:03,-21.3585,55.7679,86,62,0,5.75
91,New Norfolk,AU,3/4/2021 6:03,-42.7826,147.0587,64.4,36,0,21.85
92,Rio Branco,BR,3/4/2021 6:04,-9.9747,-67.81,73.4,100,0,3.44
93,El Sauce,NI,3/4/2021 6:04,12.8869,-86.539,73.89,75,48,4.05
94,Esperance,AU,3/4/2021 6:04,-33.8667,121.9,66.2,94,90,12.66
95,Vanimo,PG,3/4/2021 6:04,-2.6741,141.3028,83.8,74,100,11.9
96,Zhigansk,RU,3/4/2021 6:04,66.7697,123.3711,-26.01,82,100,7.49
97,Nikolskoye,RU,3/4/2021 6:04,59.7035,30.7861,27,86,0,8.95
98,Jalalabad,AF,3/4/2021 6:04,34.4265,70.4515,72.12,20,10,3.4
99,Georgetown,MY,3/4/2021 6:04,5.4112,100.3354,89.6,62,20,6.91
100,Krasnopavlivka,UA,3/4/2021 6:04,49.1372,36.3272,34.14,79,5,16.35
101,Ribeira Grande,PT,3/4/2021 6:04,38.5167,-28.7,60.37,82,100,16.84
102,Fortuna,US,3/4/2021 6:01,40.5982,-124.1573,45,1,31,3.62
103,Quelimane,MZ,3/4/2021 6:04,-17.8786,36.8883,77,94,75,6.91
104,Lompoc,US,3/4/2021 6:04,34.6391,-120.4579,44.01,87,1,3.44
105,Korla,CN,3/4/2021 6:04,41.7597,86.1469,48.31,38,68,5.19
106,Viedma,AR,3/4/2021 6:04,-40.8135,-62.9967,69.67,87,98,10.16
107,Talnakh,RU,3/4/2021 6:04,69.4865,88.3972,-14.93,77,48,10.25
108,Biak,ID,3/4/2021 6:04,-0.9131,122.8766,80.8,67,100,3.2
109,Ola,RU,3/4/2021 6:04,59.5833,151.2833,-5.94,93,92,17.02
110,Vardo,NO,3/4/2021 6:04,70.3705,31.1107,21.2,73,40,11.5
111,Saint George,US,3/4/2021 6:04,37.1041,-113.5841,52,53,90,14.97
112,Palauig,PH,3/4/2021 6:04,15.435,119.9045,83.93,70,5,5.66
113,Geraldton,AU,3/4/2021 6:04,-28.7667,114.6,82.4,54,75,17.27
114,Oum Hadjer,TD,3/4/2021 6:04,13.2954,19.6966,71.69,20,97,11.48
115,Chisinau,MD,3/4/2021 6:00,47.0056,28.8575,32,86,10,5.75
116,Nouakchott,MR,3/4/2021 6:01,18.0858,-15.9785,69.8,24,0,12.66
117,Kondinskoye,RU,3/4/2021 6:04,59.6481,67.41,20.68,94,100,9.17
118,Boddam,GB,3/4/2021 6:04,57.4667,-1.7833,39.2,93,90,9.22
119,Kavieng,PG,3/4/2021 6:04,-2.5744,150.7967,84.36,71,65,12.03
120,Kalmunai,LK,3/4/2021 6:04,7.4167,81.8167,84.11,54,26,7.31
121,Havoysund,NO,3/4/2021 6:04,70.9963,24.6622,26.6,63,75,13.8
122,Yar-Sale,RU,3/4/2021 6:04,66.8333,70.8333,7.39,95,100,9.84
123,Clyde River,CA,3/4/2021 6:04,70.4692,-68.5914,-22,76,1,3.44
124,Huarmey,PE,3/4/2021 6:04,-10.0681,-78.1522,72.88,76,78,5.12
125,Tautira,PF,3/4/2021 6:04,-17.7333,-149.15,80.6,78,75,3.44
126,Hilo,US,3/4/2021 6:04,19.7297,-155.09,69.8,64,90,6.91
127,Vila Franca Do Campo,PT,3/4/2021 6:04,37.7167,-25.4333,60.8,94,75,16.11
128,Abha,SA,3/4/2021 6:03,18.2164,42.5053,62.6,36,0,14.97
129,Norman Wells,CA,3/4/2021 6:04,65.282,-126.8329,-25.6,75,1,4.12
130,Dali,CN,3/4/2021 6:04,25.7,100.1833,61.66,37,30,10.58
131,Torbay,CA,3/4/2021 6:04,47.6666,-52.7314,23,86,90,20.71
132,Harper,LR,3/4/2021 6:04,4.375,-7.7169,78.87,89,15,9.08
133,Kapaa,US,3/4/2021 6:04,22.0752,-159.319,71.6,73,90,21.85
134,Iquitos,PE,3/4/2021 6:00,-3.7481,-73.2472,75.2,94,40,2.01
135,Srednekolymsk,RU,3/4/2021 6:04,67.45,153.6833,-20.63,87,100,15.86
136,Pangnirtung,CA,3/4/2021 6:04,66.1451,-65.7125,11.44,86,100,2.55
137,Sao Filipe,CV,3/4/2021 6:04,14.8961,-24.4956,69.85,78,57,9.93
138,Zhigalovo,RU,3/4/2021 6:05,54.8097,105.1578,-0.02,82,26,0.4
139,Macamic,CA,3/4/2021 6:05,48.7502,-78.9996,-0.4,65,1,10.36
140,Labytnangi,RU,3/4/2021 6:05,66.6572,66.4183,4.98,93,99,11.27
141,Poum,NC,3/4/2021 6:05,-20.2333,164.0167,79.86,82,100,15.17
142,Cururupu,BR,3/4/2021 6:02,-1.8283,-44.8683,73.13,95,10,2.21
143,Evensk,RU,3/4/2021 6:05,61.95,159.2333,-10.52,80,100,12.21
144,Bremervorde,DE,3/4/2021 6:05,53.4833,9.1333,37,95,93,8.77
145,Deputatskiy,RU,3/4/2021 6:05,69.3,139.9,-22.45,95,100,6.6
146,Saskylakh,RU,3/4/2021 6:05,71.9167,114.0833,-34.1,80,42,0.98
147,Iaciara,BR,3/4/2021 6:05,-14.0958,-46.6317,66.83,87,99,1.79
148,Alofi,NU,3/4/2021 6:05,-19.0595,-169.9187,80.6,83,100,6.91
149,Mahebourg,MU,3/4/2021 6:05,-20.4081,57.7,84.2,65,40,9.22
150,Castro,BR,3/4/2021 6:05,-24.7911,-50.0119,62.89,94,100,4.63
151,Tessalit,ML,3/4/2021 6:05,20.1986,1.0114,66.22,21,95,11.3
152,Tuatapere,NZ,3/4/2021 6:05,-46.1333,167.6833,61,47,91,8.99
153,Bilibino,RU,3/4/2021 6:05,68.0546,166.4372,0.82,90,100,15.17
154,Ossora,RU,3/4/2021 6:05,59.2353,163.0719,-0.17,69,100,18.99
155,Lebu,CL,3/4/2021 6:05,-37.6167,-73.65,58.66,87,0,14.83
156,Ponta Do Sol,PT,3/4/2021 6:05,32.6667,-17.1,60.01,80,73,5.01
157,Hermanus,ZA,3/4/2021 6:01,-34.4187,19.2345,64.99,95,87,9.95
158,Pisco,PE,3/4/2021 6:05,-13.7,-76.2167,73.4,78,75,6.91
159,Uarini,BR,3/4/2021 6:05,-2.99,-65.1083,72.61,98,96,1.28
160,Mehamn,NO,3/4/2021 6:05,71.0357,27.8492,24.8,93,75,25.32
161,Vuktyl,RU,3/4/2021 6:05,63.8567,57.3094,12.11,96,99,5.14
162,Tombouctou,ML,3/4/2021 6:05,20,-3,70.9,18,99,13.94
163,Cap-Haitien,HT,3/4/2021 6:05,19.7578,-72.2042,74.16,79,15,5.99
164,Yulara,AU,3/4/2021 6:05,-25.2406,130.9889,100.4,13,26,9.22
165,Inirida,CO,3/4/2021 6:05,3.8653,-67.9239,74.62,83,21,0.78
166,Port Alfred,ZA,3/4/2021 6:05,-33.5906,26.891,72,88,94,1.99
167,Nurota,UZ,3/4/2021 6:05,40.5614,65.6886,57.2,44,32,9.22
168,Carnarvon,AU,3/4/2021 6:01,-24.8667,113.6333,80.6,65,47,11.5
169,Jamestown,US,3/4/2021 6:05,42.097,-79.2353,34,98,90,6.08
170,Bengkulu,ID,3/4/2021 6:05,-3.8004,102.2655,85.66,67,85,7.83
171,Dikson,RU,3/4/2021 6:05,73.5069,80.5464,-24.83,82,26,12.5
172,Mayumba,GA,3/4/2021 6:05,-3.432,10.6554,79.95,88,97,6.38
173,Mahon,ES,3/4/2021 6:05,39.8885,4.2658,53.6,87,40,8.05
174,Samdrup Jongkhar,BT,3/4/2021 6:05,26.9167,91.6167,75.67,24,22,5.82
175,Sayyan,YE,3/4/2021 6:05,15.1718,44.3244,60.8,31,0,6.67
176,Rocha,UY,3/4/2021 6:05,-34.4833,-54.3333,68.34,94,87,6.38
177,Tasiilaq,GL,3/4/2021 6:05,65.6145,-37.6368,33.8,80,90,9.22
178,Broken Hill,AU,3/4/2021 6:05,-31.95,141.4333,80.6,17,0,16.11
179,Long Beach,US,3/4/2021 6:05,33.767,-118.1892,51.01,81,1,4.61
180,Qaanaaq,GL,3/4/2021 6:05,77.484,-69.3632,-21.82,77,77,10.18
181,Sambava,MG,3/4/2021 6:05,-14.2667,50.1667,82.76,70,50,2.77
182,Teahupoo,PF,3/4/2021 6:05,-17.8333,-149.2667,80.6,78,75,3.44
183,Visnes,NO,3/4/2021 6:05,59.3556,5.2242,33.8,75,0,19.57
184,San Rafael,AR,3/4/2021 6:05,-34.6177,-68.3301,76.48,40,0,10.78
185,Hit,IQ,3/4/2021 6:05,33.6416,42.8251,65.48,30,10,14.81
186,Mount Vernon,US,3/4/2021 6:05,40.9126,-73.8371,44.6,53,75,6.91
187,Leninskoye,KZ,3/4/2021 6:05,41.7589,69.3864,51.8,71,20,6.91
188,Tuktoyaktuk,CA,3/4/2021 6:06,69.4541,-133.0374,-25.6,68,1,4.07
189,Nagua,DO,3/4/2021 6:06,19.3832,-69.8474,66.99,89,0,4.29
190,Sao Felix Do Xingu,BR,3/4/2021 6:06,-6.6447,-51.995,69.78,97,96,0.72
191,Nelson Bay,AU,3/4/2021 6:06,-32.7167,152.15,77,53,20,11.5
192,Wenling,CN,3/4/2021 6:06,28.3669,121.36,68,83,63,5.35
193,Sabha,LY,3/4/2021 6:06,27.0377,14.4283,52.02,50,1,20.67
194,Port Moresby,PG,3/4/2021 6:06,-9.4431,147.1797,82.4,74,90,17.27
195,Karaman,TR,3/4/2021 6:06,37.0833,33.25,28,97,3,9.42
196,Solnechnyy,RU,3/4/2021 6:06,50.7214,136.6319,28.04,79,66,4.65
197,Port Elizabeth,ZA,3/4/2021 6:01,-33.918,25.5701,68,88,20,4.61
198,Reconquista,AR,3/4/2021 6:06,-29.15,-59.65,70.03,92,66,5.53
199,Seoul,KR,3/4/2021 6:06,37.5683,126.9778,53.6,47,90,6.91
200,Victoria Point,AU,3/4/2021 6:06,-27.5833,153.3,80.01,65,36,3
201,Chokurdakh,RU,3/4/2021 6:06,70.6333,147.9167,-16.42,95,100,15.66
202,Wollongong,AU,3/4/2021 6:04,-34.4333,150.8833,86,34,1,3
203,Oriximina,BR,3/4/2021 6:06,-1.7656,-55.8661,73.9,91,88,1.83
204,San Andres,CO,3/4/2021 6:06,12.5847,-81.7006,78.8,78,20,11.5
205,Upernavik,GL,3/4/2021 6:06,72.7868,-56.1549,-10.28,85,100,19.64
206,Lorengau,PG,3/4/2021 6:06,-2.0226,147.2712,82.29,78,99,12.35
207,Ca Mau,VN,3/4/2021 6:05,9.1769,105.15,93.16,41,0,17.34
208,Mundo Nuevo,MX,3/4/2021 6:06,18.7,-95.5,71.92,84,17,5.88
209,Zyryanka,RU,3/4/2021 6:06,65.75,150.85,-23.03,85,100,27.38
210,Cayenne,GF,3/4/2021 6:06,4.9333,-52.3333,79,89,75,3.44
211,Muskogee,US,3/4/2021 6:06,35.5834,-95.3336,48.2,57,1,8.05
212,Faanui,PF,3/4/2021 6:06,-16.4833,-151.75,82.9,75,98,12.53
213,Zambezi,ZM,3/4/2021 6:06,-13.5432,23.1047,66.4,90,99,2.39
214,Praia Da Vitoria,PT,3/4/2021 6:06,38.7333,-27.0667,60.01,72,40,13.29
215,Biltine,TD,3/4/2021 6:06,14.5333,20.9167,71.29,19,83,18.68
216,Tiznit,MA,3/4/2021 6:06,29.5833,-9.5,53.33,79,2,0.56
217,Sharkan,RU,3/4/2021 6:06,57.2989,53.8712,23,82,91,3
218,Baykit,RU,3/4/2021 6:06,61.67,96.37,-9.63,83,100,5.21
219,Arraial Do Cabo,BR,3/4/2021 6:06,-22.9661,-42.0278,76.14,82,9,24.2
220,Greenville,US,3/4/2021 6:03,35.6127,-77.3663,41,100,1,6.31
221,Muisne,EC,3/4/2021 6:06,0.6,-80.0333,76.28,85,80,2.59
222,Eyl,SO,3/4/2021 6:06,7.9803,49.8164,80.4,63,46,18.01
223,Jiancheng,CN,3/4/2021 6:06,30.391,104.5491,53.01,66,95,1.99
224,Kuching,MY,3/4/2021 6:06,1.55,110.3333,75.2,88,40,14.97
225,Avarua,CK,3/4/2021 6:06,-21.2078,-159.775,80.6,83,97,1.14
226,Naze,JP,3/4/2021 6:06,28.3667,129.4833,71.6,60,40,13.8
227,Vostok,RU,3/4/2021 6:06,46.4856,135.8833,32.9,96,94,8.68
228,Saint-Georges,GD,3/4/2021 6:06,12.0564,-61.7485,76.1,83,2,13.42
229,Severo-Kurilsk,RU,3/4/2021 6:06,50.6789,156.125,25.7,82,95,35.5
230,Umm Kaddadah,SD,3/4/2021 6:06,13.6017,26.6876,65.59,24,0,24.23
231,Orkney,ZA,3/4/2021 6:06,-26.9802,26.6727,71.96,43,51,2.35
232,Raudeberg,NO,3/4/2021 6:06,61.9875,5.1352,32,91,85,17.47
233,Baraboo,US,3/4/2021 6:06,43.4711,-89.7443,34,69,90,4.97
234,Dingle,PH,3/4/2021 6:06,10.9995,122.6711,85.23,69,79,15.37
235,Kruisfontein,ZA,3/4/2021 6:06,-34.0033,24.7314,66,88,0,1.54
236,Mahanoro,MG,3/4/2021 6:06,-19.9,48.8,82.92,67,78,7.23
237,Bubaque,GW,3/4/2021 6:06,11.2833,-15.8333,77.41,70,0,5.75
238,Bambous Virieux,MU,3/4/2021 6:06,-20.3428,57.7575,84.2,65,40,9.22
239,Spirit River,CA,3/4/2021 6:06,55.7833,-118.8361,28.4,64,100,9.22
240,Ostrovnoy,RU,3/4/2021 6:06,68.0531,39.5131,14.88,95,100,14.14
241,Garavuti,TJ,3/4/2021 6:07,37.5672,68.4469,62.6,48,40,2.24
242,Abu Kamal,SY,3/4/2021 6:07,34.4506,40.9171,59.97,49,15,21.47
243,Auki,SB,3/4/2021 6:07,-8.7676,160.7034,79.77,85,95,7.27
244,Haines Junction,CA,3/4/2021 6:07,60.7522,-137.5108,17.6,67,99,6.91
245,Rosa Zarate,EC,3/4/2021 6:07,0.3333,-79.4667,73.02,94,100,0.56
246,Jacqueville,CI,3/4/2021 6:07,5.2052,-4.4146,82.4,94,75,8.05
247,Assare,BR,3/4/2021 6:07,-6.8744,-39.875,69.98,78,30,1.9
248,Juneau,US,3/4/2021 6:06,58.3019,-134.4197,37,86,90,5.26
249,Abonnema,NG,3/4/2021 6:07,4.7084,6.7931,78.67,90,100,3.18
250,Alice Springs,AU,3/4/2021 6:07,-23.7,133.8833,98.6,13,81,12.66
251,Khatanga,RU,3/4/2021 6:07,71.9667,102.5,-28.32,82,0,7.72
252,Awbari,LY,3/4/2021 6:07,26.5921,12.7805,52.2,44,40,16.49
253,Talara,PE,3/4/2021 6:07,-4.5772,-81.2719,75.99,74,88,6.82
254,Dhidhdhoo,MV,3/4/2021 6:07,6.8833,73.1,82.27,67,5,12.15
255,Cidreira,BR,3/4/2021 6:07,-30.1811,-50.2056,74.14,91,53,2.3
256,Cody,US,3/4/2021 6:07,44.5263,-109.0565,35.01,55,1,6.91
257,Paita,PE,3/4/2021 6:07,-5.0892,-81.1144,76.17,71,64,5.32
258,Walla Walla,US,3/4/2021 6:06,46.0646,-118.343,44.6,70,1,9.22
259,Port Macquarie,AU,3/4/2021 6:03,-31.4333,152.9167,79,50,38,1.99
260,Tocopilla,CL,3/4/2021 6:07,-22.092,-70.1979,68.34,73,7,3.4
261,Tiksi,RU,3/4/2021 6:07,71.6872,128.8694,-14.12,89,100,8.81
262,Ankang,CN,3/4/2021 6:07,32.68,109.0172,66.54,35,3,2.24
263,Olive Branch,US,3/4/2021 6:07,34.9618,-89.8295,46.4,76,1,4.61
264,Nkhotakota,MW,3/4/2021 6:07,-12.9274,34.2961,73.98,90,100,2.01
265,Ngunguru,NZ,3/4/2021 6:07,-35.6167,174.5,73,69,49,5.01
266,Mount Pleasant,US,3/4/2021 6:07,32.7941,-79.8626,50,100,1,5.97
267,Prabumulih,ID,3/4/2021 6:07,-3.45,104.25,88.72,58,98,3.56
268,Healdsburg,US,3/4/2021 6:07,38.6105,-122.8692,48,93,1,5.75
269,Bo Phloi,TH,3/4/2021 6:07,14.3236,99.5161,99,37,90,7.27
270,Soe,ID,3/4/2021 6:07,-9.8607,124.284,79.29,77,100,6.17
271,Novopokrovka,UA,3/4/2021 6:07,49.8425,36.5477,32,93,75,13.42
272,Isangel,VU,3/4/2021 6:07,-19.55,169.2667,80.51,84,91,19.84
273,Ahuimanu,US,3/4/2021 6:07,21.4447,-157.8378,71.6,68,75,16.11
274,Lincoln,US,3/4/2021 6:04,40.8,-96.667,46.99,75,1,4.25
275,Itoman,JP,3/4/2021 6:07,26.1247,127.6694,73.4,64,40,17.27
276,Parbhani,IN,3/4/2021 6:07,19.2667,76.7833,86,26,0,2.3
277,Deniliquin,AU,3/4/2021 6:07,-35.5333,144.9667,79,37,0,1.99
278,Manggar,ID,3/4/2021 6:07,-2.8833,108.2667,86.79,62,67,4.61
279,Colares,PT,3/4/2021 6:07,38.7992,-9.4469,57.99,85,100,15.73
280,Sola,VU,3/4/2021 6:07,-13.8833,167.55,78.12,89,100,19.22
281,Chuy,UY,3/4/2021 6:07,-33.6971,-53.4616,71.29,93,59,8.81
282,Ketchikan,US,3/4/2021 6:07,55.3422,-131.6461,37.4,100,90,12.66
283,Hackettstown,US,3/4/2021 6:07,40.854,-74.8291,32,86,63,4.32
284,Kaya,BF,3/4/2021 6:07,13.0917,-1.0844,76.12,18,0,8.72
285,Sulina,RO,3/4/2021 6:07,45.1559,29.6536,42.3,81,0,14.92
286,Srandakan,ID,3/4/2021 6:07,-7.9386,110.2506,86.09,66,79,9.31
287,Buraydah,SA,3/4/2021 6:07,26.326,43.975,68,60,0,8.05
288,Dalvik,IS,3/4/2021 6:07,65.9702,-18.5286,30.2,86,0,9.01
289,Marystown,CA,3/4/2021 6:07,47.1666,-55.1483,25.52,95,99,24.67
290,Cockburn Town,TC,3/4/2021 6:07,21.4612,-71.1419,77.11,80,0,12.82
291,Puro,PH,3/4/2021 6:08,12.4841,123.3827,84.52,68,17,13.6
292,Port Hedland,AU,3/4/2021 6:08,-20.3167,118.5667,89.6,55,4,13.8
293,Luderitz,NA,3/4/2021 6:08,-26.6481,15.1594,70.11,55,0,11.65
294,Joshimath,IN,3/4/2021 6:08,30.5667,79.5667,59.61,29,2,6.49
295,Songjianghe,CN,3/4/2021 6:08,42.1859,127.479,38.89,68,5,14.63
296,Aswan,EG,3/4/2021 6:08,24.0934,32.907,55.63,43,0,18.19
297,Saint-Pierre,RE,3/4/2021 6:08,-21.3393,55.4781,86,62,0,5.75
298,Pevek,RU,3/4/2021 6:08,69.7008,170.3133,0.59,93,100,11.45
299,Roald,NO,3/4/2021 6:08,62.5833,6.1333,35.6,60,20,8.05
300,Mizdah,LY,3/4/2021 6:08,31.4451,12.9801,44.87,82,27,15.5
301,Leshan,CN,3/4/2021 6:08,29.5623,103.7639,63.01,40,86,3.49
302,Ourossogui,SN,3/4/2021 6:08,15.6064,-13.3211,75.24,19,9,7.49
303,Andra,RU,3/4/2021 6:08,62.5147,65.8878,12.96,96,97,5.93
304,Moramanga,MG,3/4/2021 6:08,-18.9333,48.2,73.99,76,98,5.3
305,Karasjok,NO,3/4/2021 6:08,69.4719,25.5112,24.8,63,75,21.85
306,Ahipara,NZ,3/4/2021 6:08,-35.1667,173.1667,67.64,73,6,7
307,Peniche,PT,3/4/2021 6:08,39.3558,-9.3811,59,86,100,5.99
308,Tulun,RU,3/4/2021 6:08,54.5611,100.5792,2.97,90,91,5.7
309,Youghal,IE,3/4/2021 6:08,51.95,-7.8506,39,93,75,10.36
310,Narsaq,GL,3/4/2021 6:08,60.9167,-46.05,48.2,34,75,47.18
311,Agrafa,GR,3/4/2021 6:08,39.136,21.6494,35.01,30,0,0.78
312,Kremenchuk,UA,3/4/2021 6:08,49.0973,33.4197,35.71,81,7,14.29
313,Ulaangom,MN,3/4/2021 6:08,49.9811,92.0667,12.69,94,89,4.56
314,Kahului,US,3/4/2021 6:08,20.8947,-156.47,69.8,73,20,8.05
315,Machilipatnam,IN,3/4/2021 6:08,16.1667,81.1333,86,62,20,4.61
316,Narrabri,AU,3/4/2021 6:08,-30.3167,149.7833,87.01,26,8,8.05
317,Walvis Bay,NA,3/4/2021 6:08,-22.9575,14.5053,72.72,60,0,4.76
318,Ayan,RU,3/4/2021 6:08,56.45,138.1667,-1.59,77,65,10.65
319,Olinda,BR,3/4/2021 6:08,-8.0089,-34.8553,78.8,69,75,10.36
320,Hofn,IS,3/4/2021 6:08,64.2539,-15.2082,35.31,84,26,7.25
321,Zepce,BA,3/4/2021 6:08,44.4267,18.0378,26.6,86,0,1.14
322,Fort Morgan,US,3/4/2021 6:08,40.2503,-103.8,39.2,33,1,9.22
323,Minden,DE,3/4/2021 6:08,52.2833,8.9167,37,100,90,4.61
324,Saint Anthony,US,3/4/2021 6:08,45.0205,-93.218,35.6,80,1,3.15
325,Muzhi,RU,3/4/2021 6:08,65.3667,64.6667,7.66,93,100,1.52
326,Mocuba,MZ,3/4/2021 6:08,-16.8392,36.9856,75.13,93,96,7.61
327,Sitka,US,3/4/2021 6:08,57.0531,-135.33,35.6,93,90,6.91
328,Sumbe,AO,3/4/2021 6:08,-11.2061,13.8437,78.44,80,85,1.39
329,Hay River,CA,3/4/2021 6:06,60.8156,-115.7999,-11.2,77,97,1.14
330,Hasaki,JP,3/4/2021 6:08,35.7333,140.8333,55.99,58,75,10.36
331,Tifton,US,3/4/2021 6:08,31.4505,-83.5085,48,100,1,4.23
332,San Luis,AR,3/4/2021 6:08,-33.295,-66.3356,68.88,59,57,8.68
333,Jega,NG,3/4/2021 6:08,12.2175,4.3792,74.35,19,2,13.04
334,Pascagoula,US,3/4/2021 6:08,30.3658,-88.5561,43,100,1,7.16
335,Chabahar,IR,3/4/2021 6:08,25.2919,60.643,78.64,61,1,10.94
336,Nichinan,JP,3/4/2021 6:08,31.6,131.3667,57.2,94,75,13.8
337,Acajutla,SV,3/4/2021 6:08,13.5928,-89.8275,77.4,54,47,5.5
338,Bonthe,SL,3/4/2021 6:08,7.5264,-12.505,78.42,91,17,5.68
339,Giyon,ET,3/4/2021 6:08,8.5333,37.9833,68.09,33,14,15.39
340,Khash,IR,3/4/2021 6:09,28.2211,61.2158,68.47,32,0,3
341,Erzin,TR,3/4/2021 6:09,36.9559,36.2,50,82,23,15.01
342,Areia Branca,BR,3/4/2021 6:06,-4.9561,-37.1369,77.54,77,72,14.05
343,Kerema,PG,3/4/2021 6:09,-7.9631,145.7785,84.88,70,99,10
344,Mega,ET,3/4/2021 6:09,4.05,38.3,67.6,50,48,23.82
345,Saint-Francois,FR,3/4/2021 6:09,46.4154,3.9054,32,93,21,2.3
346,Opuwo,NA,3/4/2021 6:09,-18.0607,13.84,69.46,51,0,5.77
347,Aklavik,CA,3/4/2021 6:09,68.2191,-135.0107,-20.2,76,97,1.14
348,Bathsheba,BB,3/4/2021 6:09,13.2167,-59.5167,77,78,75,18.41
349,Prince Rupert,CA,3/4/2021 6:09,54.3161,-130.3201,39.2,87,90,16.11
350,Senanga,ZM,3/4/2021 6:09,-16.1167,23.2667,65.84,91,100,4.07
351,Yerbogachen,RU,3/4/2021 6:09,61.2767,108.0108,-15.61,88,28,6.24
352,Babynino,RU,3/4/2021 6:09,54.39,35.73,35.6,64,0,8.95
353,Georgiyevka,KZ,3/4/2021 6:09,43.0369,74.7114,46.4,66,0,8.95
354,Wad Rawah,SD,3/4/2021 6:09,15.1603,33.1397,71.64,21,61,19.37
355,Ust-Nera,RU,3/4/2021 6:09,64.5667,143.2,-21.39,74,99,3.69
356,Bolgatanga,GH,3/4/2021 6:09,10.7856,-0.8514,74.89,20,6,4.94
357,Vangaindrano,MG,3/4/2021 6:06,-23.35,47.6,80.94,76,24,6.55
358,Nioro,GM,3/4/2021 6:09,13.35,-15.75,71.87,22,9,3.09
359,Toktogul,KG,3/4/2021 6:09,41.8708,72.9402,39.04,74,98,0.92
360,Bundaberg,AU,3/4/2021 6:09,-24.85,152.35,82.99,51,75,21.85
361,Los Llanos De Aridane,ES,3/4/2021 6:09,28.6585,-17.9182,60.8,67,0,5.75
362,Puntarenas,CR,3/4/2021 6:09,9.9763,-84.8384,66.2,68,0,11.5
363,Villarrubia De Los Ojos,ES,3/4/2021 6:09,39.2209,-3.608,41,100,0,1.99
364,Husavik,IS,3/4/2021 6:09,66.0449,-17.3389,30.2,86,0,13.35
365,Mount Isa,AU,3/4/2021 6:09,-20.7333,139.5,98.6,12,86,24.16
366,Carutapera,BR,3/4/2021 6:09,-1.195,-46.02,75.09,90,20,3.78
367,Namibe,AO,3/4/2021 6:09,-15.1961,12.1522,74.01,81,22,4.61
368,Ozark,US,3/4/2021 6:09,37.0209,-93.206,46,49,1,6.91
369,Gombong,ID,3/4/2021 6:09,-7.6072,109.5142,89.26,58,83,7.92
370,Sungurlu,TR,3/4/2021 6:09,40.1675,34.3739,34.86,65,9,3.09
371,Dingli,MT,3/4/2021 6:09,35.8614,14.3822,52,87,20,4.61
372,Hudson Bay,CA,3/4/2021 6:09,52.85,-102.3842,26.01,98,92,4.21
373,Kimberley,ZA,3/4/2021 6:09,-28.7323,24.7623,69.8,56,0,6.91
374,Gariadhar,IN,3/4/2021 6:09,21.5333,71.5833,84.2,37,0,4.61
375,Anadyr,RU,3/4/2021 6:09,64.75,177.4833,6.8,85,90,62.63
376,Progreso,MX,3/4/2021 6:09,21.2833,-89.6667,75.99,88,75,4.61
377,Nikko,JP,3/4/2021 6:09,36.75,139.6167,53.01,37,49,5.01
378,Kitimat,CA,3/4/2021 6:09,54.0524,-128.6534,32,100,90,4.61
379,Skelleftea,SE,3/4/2021 6:09,64.7507,20.9528,24.8,68,0,8.05
380,Coihueco,CL,3/4/2021 6:07,-36.6167,-71.8333,66.2,63,0,10.36
381,Vao,NC,3/4/2021 6:09,-22.6667,167.4833,79.12,85,100,15.68
382,Ballina,AU,3/4/2021 6:09,-28.8667,153.5667,77,53,40,9.22
383,Griffith,US,3/4/2021 6:05,41.5284,-87.4237,33.01,100,1,8.14
384,Ambulu,ID,3/4/2021 6:09,-8.345,113.6058,86,64,100,6.76
385,Puerto Colombia,CO,3/4/2021 6:08,10.9878,-74.9547,75.2,83,0,12.66
386,Gamba,GA,3/4/2021 6:09,-2.65,10,80.33,87,100,5.64
387,Mapastepec,MX,3/4/2021 6:09,15.4333,-92.9,76.06,68,0,3.56
388,Santa Isabel Do Rio Negro,BR,3/4/2021 6:09,-0.4139,-65.0192,71.49,98,58,1.45
389,Sompeta,IN,3/4/2021 6:10,18.9333,84.6,88.88,31,0,9.4
390,Salalah,OM,3/4/2021 6:10,17.0151,54.0924,80.6,65,0,2.3
391,Alihe,CN,3/4/2021 6:10,50.5667,123.7167,24.89,82,100,11.81
392,Ayna,PE,3/4/2021 6:10,-12.65,-73.9167,58.84,75,73,1.97
393,Tongling,CN,3/4/2021 6:10,30.95,117.7833,61.27,57,1,6.55
394,Nahrin,AF,3/4/2021 6:10,36.0649,69.1334,59.29,32,3,2.64
395,Klaksvik,FO,3/4/2021 6:10,62.2266,-6.589,26.6,86,82,1.14
396,Turan,VN,3/4/2021 6:10,16.0678,108.2208,84.2,65,20,5.75
397,Van Buren,US,3/4/2021 6:10,35.4368,-94.3483,48,70,1,0.4
398,Vila Velha,BR,3/4/2021 6:10,-20.3297,-40.2925,73.4,88,0,4.61
399,Agadez,NE,3/4/2021 6:10,19.75,10.25,60.49,14,0,7.36
400,Pulandian,CN,3/4/2021 6:10,39.3953,121.9669,51.8,54,0,11.18
401,Qaqortoq,GL,3/4/2021 6:10,60.7167,-46.0333,48.2,34,75,47.18
402,Sao Joao Da Barra,BR,3/4/2021 6:10,-21.6403,-41.0511,75.27,90,100,13.18
403,Tezu,IN,3/4/2021 6:10,27.9167,96.1667,87.58,18,87,4.5
404,Itupiranga,BR,3/4/2021 6:10,-5.1347,-49.3267,77,100,75,2.3
405,Baikunthpur,IN,3/4/2021 6:10,23.25,82.55,90.09,8,0,5.12
406,Yamada,JP,3/4/2021 6:10,39.4667,141.95,45.84,65,58,16.67
407,Lormont,FR,3/4/2021 6:10,44.875,-0.5178,45,93,26,4.61
408,Bukama,CD,3/4/2021 6:07,-9.2,25.85,70.38,95,100,0.31
409,Tilichiki,RU,3/4/2021 6:10,60.4667,166.1,-0.4,89,100,19.64
410,Gavle,SE,3/4/2021 6:10,60.6745,17.1417,28.99,64,0,5.99
411,Tateyama,JP,3/4/2021 6:10,34.9833,139.8667,57,67,75,10.36
412,Panchagarh,BD,3/4/2021 6:10,26.3313,88.562,87.3,12,0,3.49
413,Ilo,PE,3/4/2021 6:10,-17.6394,-71.3375,71.53,81,86,2.84
414,Voi,KE,3/4/2021 6:10,-3.3945,38.563,73.08,77,68,9.69
415,Teguldet,RU,3/4/2021 6:10,57.3064,88.1667,17.19,96,100,12.8
416,Caravelas,BR,3/4/2021 6:10,-17.7125,-39.2481,72.97,89,29,2.21
417,Half Moon Bay,US,3/4/2021 6:05,37.4636,-122.4286,50,87,75,2.26
418,Mandalgovi,MN,3/4/2021 6:10,45.7625,106.2708,28.8,75,100,18.25
419,San Cristobal,VE,3/4/2021 6:10,7.7669,-72.225,64.71,58,99,1.43
420,Blackfoot,US,3/4/2021 6:10,43.1905,-112.345,30.99,80,1,3.44
421,San Patricio,US,3/4/2021 6:10,28.017,-97.5169,55.99,82,40,6.91
422,Coquimbo,CL,3/4/2021 6:10,-29.9533,-71.3436,60.8,94,90,5.75
423,Itarema,BR,3/4/2021 6:10,-2.9248,-39.9167,76.71,85,53,8.55
424,Nabire,ID,3/4/2021 6:10,-3.3667,135.4833,87.4,56,93,6.49
425,Gigmoto,PH,3/4/2021 6:10,13.7796,124.39,82.36,68,41,11.77
426,Plettenberg Bay,ZA,3/4/2021 6:10,-34.0527,23.3716,67.06,78,1,2.37
427,Adre,TD,3/4/2021 6:10,13.4667,22.2,66.63,23,99,22.17
428,Birao,CF,3/4/2021 6:10,10.2849,22.7882,74.62,18,41,13.38
429,Lixourion,GR,3/4/2021 6:10,38.2019,20.4314,46.4,93,0,2.98
430,Olafsvik,IS,3/4/2021 6:11,64.8945,-23.7142,40.53,92,91,16.91
431,Sao Jose Da Coroa Grande,BR,3/4/2021 6:11,-8.8978,-35.1478,76.44,85,11,6.31
432,Chachapoyas,PE,3/4/2021 6:11,-6.2317,-77.869,50.32,89,74,1.54
433,Goundi,TD,3/4/2021 6:11,9.3627,17.366,74.1,20,88,3.69
434,Davidson,US,3/4/2021 6:06,36.1501,-86.7833,42.8,87,1,3.85
435,Rudnik,PL,3/4/2021 6:11,49.8524,19.8474,41,87,0,4.61
436,Brae,GB,3/4/2021 6:11,60.3964,-1.353,35.6,64,90,12.66
437,Forecariah,GN,3/4/2021 6:11,9.4306,-13.0881,75.25,91,6,3.74
438,Buala,SB,3/4/2021 6:11,-8.145,159.5921,80.2,83,97,10.89
439,Mawlaik,MM,3/4/2021 6:11,23.6333,94.4167,96.12,13,4,3.31
440,Kavaratti,IN,3/4/2021 6:11,10.5669,72.642,83.1,64,1,7.63
441,Comodoro Rivadavia,AR,3/4/2021 6:11,-45.8667,-67.5,60.8,88,75,4.61
442,Santa Lucia,ES,3/4/2021 6:11,27.9117,-15.5407,60.8,72,20,13.8
443,Bilma,NE,3/4/2021 6:11,18.6853,12.9164,62.85,25,0,8.66
444,Honningsvag,NO,3/4/2021 6:11,70.9821,25.9704,26.6,93,90,17.27
445,Palmer,US,3/4/2021 6:09,42.1584,-72.3287,39.2,60,90,3.44
446,Paslek,PL,3/4/2021 6:11,54.0616,19.6593,36,90,18,4
447,Krasnoselkup,RU,3/4/2021 6:11,65.7,82.4667,8.91,94,100,20.18
448,Adrar,MR,3/4/2021 6:11,20.5022,-10.0711,64.9,24,100,10.29
449,Gat,IL,3/4/2021 6:11,31.61,34.7642,48,100,93,3
450,Masunga,BW,3/4/2021 6:11,-20.6246,27.4488,66.2,88,0,2.3
451,Petatlan,MX,3/4/2021 6:11,17.5167,-101.2667,71.56,58,0,2.66
452,Ibicui,BR,3/4/2021 6:11,-14.8417,-39.9867,63.97,95,28,1.16
453,Indianola,US,3/4/2021 6:11,41.3581,-93.5574,39,83,73,5.17
454,Champerico,GT,3/4/2021 6:11,14.3,-91.9167,63,88,18,4.9
455,Lagos,NG,3/4/2021 6:11,6.5833,3.75,80.37,87,56,3.38
456,Fort-Shevchenko,KZ,3/4/2021 6:11,44.5086,50.263,32.25,95,0,14.65
457,Bikin,RU,3/4/2021 6:11,46.8161,134.26,34.38,96,100,7.56
458,Manokwari,ID,3/4/2021 6:09,-0.8667,134.0833,83.32,72,43,6.58
459,Sorland,NO,3/4/2021 6:11,67.667,12.6934,30.2,69,75,13.8
460,College,US,3/4/2021 6:11,64.8569,-147.8028,-2,77,90,2.48
461,Kargasok,RU,3/4/2021 6:11,59.0556,80.8572,18.86,96,100,12.73
462,Aosta,IT,3/4/2021 6:11,45.7667,7.4167,39.99,80,40,2.82
463,Troitskoye,RU,3/4/2021 6:11,52.9821,84.6757,18.18,93,98,8.79
464,Dori,BF,3/4/2021 6:11,14.0354,-0.0345,78.28,18,0,11.54
465,Mahibadhoo,MV,3/4/2021 6:07,3.7833,72.9667,81.34,60,11,7.83
466,Talas,TR,3/4/2021 6:11,38.6908,35.5538,32,64,0,11.5
467,Beloha,MG,3/4/2021 6:11,-25.1667,45.05,80.85,70,0,5.68
468,Ilulissat,GL,3/4/2021 6:11,69.2167,-51.1,26.6,80,76,14.97
469,Bandarbeyla,SO,3/4/2021 6:11,9.4942,50.8122,79.38,66,32,14.7
470,Banjar,ID,3/4/2021 6:11,-8.19,114.9675,84.2,84,40,21.85
471,Bushehr,IR,3/4/2021 6:11,28.9684,50.8385,68,60,75,9.22
472,Tainan,TW,3/4/2021 6:11,22.9908,120.2133,78.8,53,40,9.22
473,Redlands,US,3/4/2021 6:10,34.0556,-117.1825,50,71,40,1.48
474,Bereda,ES,3/4/2021 6:11,43.2686,-7.5406,46,100,100,1.28
475,Pietarsaari,FI,3/4/2021 6:11,63.65,22.6833,26.01,86,90,2.3
476,Chernyshevskiy,RU,3/4/2021 6:11,63.0128,112.4714,-22.22,86,6,8.3
477,Yokadouma,CM,3/4/2021 6:11,3.5167,15.05,70.77,57,96,2.15
478,Whitehorse,CA,3/4/2021 6:10,60.7161,-135.0538,21.2,73,90,4.61
479,Betafo,MG,3/4/2021 6:11,-19.8333,46.85,69.75,80,96,3.15
480,Hualmay,PE,3/4/2021 6:11,-11.0964,-77.6139,73,71,58,5.66
481,Riyadh,SA,3/4/2021 6:11,24.6877,46.7219,69.8,26,0,14.97
482,Mount Gambier,AU,3/4/2021 6:12,-37.8333,140.7667,64.4,63,90,12.66
483,Mabaruma,GY,3/4/2021 6:12,8.2,-59.7833,70.59,99,14,1.21
484,Diu,IN,3/4/2021 6:07,20.7141,70.9822,90.34,16,0,6.42
485,Kodarma,IN,3/4/2021 6:12,24.4667,85.6,90.39,11,0,10.09
486,Khani,GE,3/4/2021 6:12,41.9563,42.9566,44.6,81,0,4.61
487,Petropavlovsk-Kamchatskiy,RU,3/4/2021 6:12,53.0452,158.6483,17.6,57,75,11.18
488,Padang,ID,3/4/2021 6:12,-0.9492,100.3543,87.8,66,20,6.91
489,Vestmanna,FO,3/4/2021 6:12,62.1564,-7.1664,26.6,86,27,1.14
490,Nouadhibou,MR,3/4/2021 6:12,20.931,-17.0347,62.6,82,0,19.57
491,Yavaros,MX,3/4/2021 6:12,26.7,-109.5167,68,55,16,6.38
492,Assiniboia,CA,3/4/2021 6:12,49.6334,-105.9845,33.8,69,0,6.91
493,Barkly West,ZA,3/4/2021 6:12,-28.5354,24.5215,71.6,53,0,8.05
494,El Jicaro,GT,3/4/2021 6:12,14.9167,-89.9,68.38,52,0,2.53
495,Northam,GB,3/4/2021 6:12,51.0333,-4.2167,45,95,90,3
496,Matagami,CA,3/4/2021 6:12,49.7502,-77.6328,-9.4,84,1,11.5
497,Namie,JP,3/4/2021 6:12,37.4833,141,52,62,33,1.01
498,Calabozo,VE,3/4/2021 6:12,8.9242,-67.4293,72.32,62,3,7.87
499,Waupun,US,3/4/2021 6:12,43.6333,-88.7296,33.8,100,75,5.75
500,Yaan,NG,3/4/2021 6:12,7.3833,8.5667,73.13,96,78,5.95
501,Sal Rei,CV,3/4/2021 6:12,16.1833,-22.9167,68,83,75,18.41
502,Arandis,NA,3/4/2021 6:12,-22.4167,14.9667,80.6,39,1,4.74
503,Santa Rosalia,MX,3/4/2021 6:12,27.3167,-112.2833,59.18,64,53,9.8
504,Prudnik,PL,3/4/2021 6:12,50.3212,17.5746,43,74,37,8.99
505,Hambantota,LK,3/4/2021 6:12,6.1241,81.1185,86,66,40,6.91
506,Kathu,TH,3/4/2021 6:12,7.9178,98.3332,90,62,20,9.22
507,Hedaru,TZ,3/4/2021 6:12,-4.5,37.9,75.42,70,77,6.33
508,Ancud,CL,3/4/2021 6:12,-41.8697,-73.8203,52,87,0,5.75
509,Airdrie,GB,3/4/2021 6:08,55.866,-3.9803,37,97,100,4.03
510,Rio Das Pedras,BR,3/4/2021 6:12,-22.8433,-47.6061,71.6,88,0,4.61
511,Coihaique,CL,3/4/2021 6:12,-45.5752,-72.0662,50,87,20,5.75
512,Kibray,UZ,3/4/2021 6:12,41.3873,69.4641,51.8,71,20,6.91
513,Havelock,US,3/4/2021 6:12,34.8791,-76.9013,43,93,1,5.77
514,Avera,US,3/4/2021 6:12,33.194,-82.5271,41,73,1,4.61
515,Cabra,ES,3/4/2021 6:12,37.4725,-4.4421,46.99,80,6,3.36
516,Kandrian,PG,3/4/2021 6:12,-6.2167,149.55,85.93,66,68,20.42
517,Muhos,FI,3/4/2021 6:12,64.808,25.9931,19.4,93,90,5.75
518,Lavrentiya,RU,3/4/2021 6:12,65.5833,-171,-12.17,89,99,7.47
519,Shetpe,KZ,3/4/2021 6:12,44.1667,52.1167,33.87,87,75,20.22
520,Gofitskoye,RU,3/4/2021 6:12,45.0792,43.0464,34.68,85,61,13.33
521,Chifeng,CN,3/4/2021 6:12,42.2683,118.9636,56.73,32,0,17.65
522,Meiktila,MM,3/4/2021 6:12,20.8667,95.8667,93.33,16,35,9.48
523,Lamar,US,3/4/2021 6:12,33.6668,-95.5836,46.4,66,1,5.75
524,Obodivka,UA,3/4/2021 6:12,48.4051,29.2477,37.38,81,0,9.66
525,Camacha,PT,3/4/2021 6:12,33.0833,-16.3333,59,94,75,13.8
526,Safaga,EG,3/4/2021 6:12,26.7292,33.9365,55.4,38,0,14.97
527,Arlit,NE,3/4/2021 6:12,18.7369,7.3853,69.67,20,0,10.63
528,Dwarka,IN,3/4/2021 6:08,22.2394,68.9678,83.35,49,0,9.31
529,Quatre Cocos,MU,3/4/2021 6:12,-20.2078,57.7625,84.2,65,40,9.22
530,Piacabucu,BR,3/4/2021 6:12,-10.4056,-36.4344,76.8,85,18,7.54
531,Sidi Ali,DZ,3/4/2021 6:12,36.0998,0.4206,52.09,90,100,3.02
532,Touros,BR,3/4/2021 6:12,-5.1989,-35.4608,75.2,94,40,3.44
533,Itacare,BR,3/4/2021 6:12,-14.2775,-38.9967,73.74,85,41,1.68
534,North Bend,US,3/4/2021 6:12,43.4065,-124.2243,46.4,76,90,9.22
535,San Quintin,MX,3/4/2021 6:13,30.4833,-115.95,57.49,81,30,5.95
536,Silver City,US,3/4/2021 6:13,32.7701,-108.2803,57.2,28,40,13.8
537,Mendoza,AR,3/4/2021 6:09,-32.8908,-68.8272,69.8,73,0,3.44
538,Port-Cartier,CA,3/4/2021 6:13,50.0334,-66.8654,10,66,75,10.36
539,Pyaozerskiy,RU,3/4/2021 6:13,65.8333,31.1667,14.9,94,17,8.59
540,Taitung,TW,3/4/2021 6:13,22.7583,121.1444,73.4,78,75,4.61
541,Katherine,AU,3/4/2021 6:13,-14.4667,132.2667,96.8,52,40,9.22
542,Kadoma,JP,3/4/2021 6:13,34.7333,135.5833,62.6,51,75,5.75
543,Sarangani,PH,3/4/2021 6:13,5.4033,125.4636,82.26,77,11,23.51
544,Tuhian,PH,3/4/2021 6:13,13.6456,122.2194,86.85,58,8,6.93
545,Fez,MA,3/4/2021 6:13,34.0372,-4.9998,41,93,20,2.3
546,Faya,SA,3/4/2021 6:13,18.3851,42.4509,64.4,36,0,14.97
547,Kyshtovka,RU,3/4/2021 6:13,56.555,76.6271,28.11,97,100,15.03
548,Port Blair,IN,3/4/2021 6:13,11.6667,92.75,87.8,70,40,11.5
549,Owase,JP,3/4/2021 6:13,34.0667,136.2,54.43,73,100,8.39
550,Chimoio,MZ,3/4/2021 6:13,-19.1164,33.4833,68,100,75,8.05
551,Belmonte,BR,3/4/2021 6:13,-15.8631,-38.8828,71.6,94,20,3.44
552,Kaihua,CN,3/4/2021 6:13,23.3687,104.28,71.31,46,55,15.73
553,Jalingo,NG,3/4/2021 6:13,8.8833,11.3667,74.41,20,18,4.5
554,Sistranda,NO,3/4/2021 6:13,63.7256,8.834,33.8,80,40,11.5
555,Micheweni,TZ,3/4/2021 6:13,-4.9667,39.8333,82.4,71,88,16.71
556,Batemans Bay,AU,3/4/2021 6:13,-35.7167,150.1833,77,63,1,3
557,Dakoro,NE,3/4/2021 6:13,14.5106,6.765,69.28,20,5,12.71
558,Buchanan,LR,3/4/2021 6:13,5.8808,-10.0467,77,94,75,4.61
559,Kapoeta,SS,3/4/2021 6:13,4.7717,33.5903,90.99,21,83,22.64
560,Fallon,US,3/4/2021 6:13,39.4735,-118.7774,35.6,51,90,8.05
561,Salvador,SV,3/4/2021 6:13,13.8333,-88.9167,73.4,88,0,2.3
562,Atikokan,CA,3/4/2021 6:13,48.7555,-91.6216,13.41,96,0,4.29
563,Esmeraldas,BR,3/4/2021 6:13,-19.7625,-44.3139,68,83,0,4.61
564,Kismayo,SO,3/4/2021 6:13,-0.3582,42.5454,82.47,67,6,17.36
565,Lop Buri,TH,3/4/2021 6:13,14.7981,100.654,93.99,45,52,7.74
566,Alta Floresta,BR,3/4/2021 6:13,-9.8756,-56.0861,69.85,99,100,2.17
567,Hamilton,US,3/4/2021 6:13,39.1834,-84.5333,44.01,70,1,4.61
568,Rawson,AR,3/4/2021 6:10,-43.3002,-65.1023,60.39,91,74,12.37
569,Berdigestyakh,RU,3/4/2021 6:11,62.0989,126.6992,-19.08,84,100,9.75
570,Kesinga,IN,3/4/2021 6:13,20.2,83.2333,94.3,10,4,2.8
571,Kuala Terengganu,MY,3/4/2021 6:13,5.3302,103.1408,87.8,70,40,6.91
572,Oranjemund,NA,3/4/2021 6:13,-28.55,16.4333,63.25,85,0,7.67
573,New Delhi,IN,3/4/2021 6:13,28.6128,77.2311,84.2,45,0,3.44
574,Mlonggo,ID,3/4/2021 6:13,-6.5333,110.7,87.8,62,20,11.5
575,Valparaiso,CL,3/4/2021 6:13,-33.0393,-71.6273,62.01,82,2,7.11
576,Pocoes,BR,3/4/2021 6:13,-14.5297,-40.3653,60.75,98,39,3.2
577,Margate,GB,3/4/2021 6:13,51.3813,1.3862,41,91,100,4
578,Wagar,SD,3/4/2021 6:13,16.1525,36.2032,70.83,70,0,8.37
579,Qui Nhon,VN,3/4/2021 6:13,13.7667,109.2333,79.86,73,49,8.55
580,Nemuro,JP,3/4/2021 6:13,43.3236,145.575,35.6,69,75,21.85
581,Asasa,ET,3/4/2021 6:13,7.1,39.2,60.85,34,23,7.81
582,Kaeo,NZ,3/4/2021 6:13,-35.1,173.7833,73,72,63,5.01
583,Hanzhong,CN,3/4/2021 6:13,33.0728,107.0303,61.93,41,60,2.68
584,Harindanga,IN,3/4/2021 6:13,22.0383,88.3214,87.8,35,0,6.91
585,Clinton,US,3/4/2021 6:09,42.587,-82.9199,35.01,100,90,5.75
586,Shancheng,CN,3/4/2021 6:14,34.7953,116.0817,64.99,54,0,1.99
587,Atambua,ID,3/4/2021 6:14,-9.1061,124.8925,81.86,74,36,6.04
588,Laem Sing,TH,3/4/2021 6:14,12.4816,102.0738,93,66,40,3.44
589,Luganville,VU,3/4/2021 6:14,-15.5333,167.1667,76.89,92,100,11.79
590,Waipawa,NZ,3/4/2021 6:14,-41.4122,175.5153,66.2,63,73,17.27
591,Kulpahar,IN,3/4/2021 6:14,25.3167,79.65,91.36,11,0,2.93
592,Chapais,CA,3/4/2021 6:14,49.7834,-74.8492,-9.4,70,1,12.66
593,Yarada,IN,3/4/2021 6:14,17.65,83.2667,93.2,24,0,6.91
594,Gazanjyk,TM,3/4/2021 6:14,39.2446,55.5154,48.67,69,93,15.59
595,Vrangel,RU,3/4/2021 6:14,42.7297,133.0839,38.3,85,6,6.4
596,Gashua,NG,3/4/2021 6:14,12.871,11.0482,68.63,22,45,10.49
597,Corn Island,NI,3/4/2021 6:14,12.1694,-83.0418,78.73,78,43,14.52
598,Coruripe,BR,3/4/2021 6:14,-10.1256,-36.1756,76.24,83,1,5.64
599,Ferkessedougou,CI,3/4/2021 6:14,9.6,-5.2,74.32,62,1,3.8
600,Vestmannaeyjar,IS,3/4/2021 6:14,63.4427,-20.2734,39.45,78,93,10.96
601,Marfino,RU,3/4/2021 6:14,55.7028,37.3822,35.01,86,75,17.9
602,Santa Cruz,BO,3/4/2021 6:11,-17.8,-63.1667,71.6,94,75,6.91
603,Porto Novo,BJ,3/4/2021 6:14,6.4965,2.6036,79.59,89,48,6.78
604,Bhimunipatnam,IN,3/4/2021 6:14,17.8833,83.4333,93.2,24,0,6.91
